{"0": {"full_name": "Nischal", "student_id": "1234"}, "1": {"full_name": "Nischal", "student_id": "1234"}, "2": {"full_name": "Nischal", "student_id": "1234"}, "3": {"full_name": "Nischal", "student_id": "1234"}, "4": {"full_name": "Nischal", "student_id": "1234"}, "5": {"full_name": "Nischal", "student_id": "1234"}, "6": {"full_name": "Nischal", "student_id": "1234"}, "7": {"full_name": "Nischal", "student_id": "1234"}, "8": {"full_name": "Nischal", "student_id": "1234"}, "9": {"full_name": "Nischal", "student_id": "1234"}, "10": {"full_name": "Nischal", "student_id": "1234"}, "11": {"full_name": "Nischal", "student_id": "1234"}, "12": {"full_name": "Nischal", "student_id": "1234"}, "13": {"full_name": "Nischal", "student_id": "1234"}, "14": {"full_name": "Nischal", "student_id": "1234"}, "15": {"full_name": "Nischal", "student_id": "1234"}, "16": {"full_name": "Nischal", "student_id": "1234"}, "17": {"full_name": "Nischal", "student_id": "1234"}, "18": {"full_name": "Nischal", "student_id": "1234"}, "19": {"full_name": "Nischal", "student_id": "1234"}, "20": {"full_name": "Nischal", "student_id": "1234"}, "21": {"full_name": "Nischal", "student_id": "1234"}, "22": {"full_name": "Nischal", "student_id": "1234"}, "23": {"full_name": "Nischal", "student_id": "1234"}, "24": {"full_name": "Nischal", "student_id": "1234"}, "25": {"full_name": "Nischal", "student_id": "1234"}, "26": {"full_name": "Nischal", "student_id": "1234"}, "27": {"full_name": "Nischal", "student_id": "1234"}, "28": {"full_name": "Nischal", "student_id": "1234"}, "29": {"full_name": "Nischal", "student_id": "1234"}, "30": {"full_name": "Nischal", "student_id": "1234"}, "31": {"full_name": "Nischal", "student_id": "1234"}, "32": {"full_name": "Nischal", "student_id": "1234"}, "33": {"full_name": "Nischal", "student_id": "1234"}, "34": {"full_name": "Nischal", "student_id": "1234"}, "35": {"full_name": "Nischal", "student_id": "1234"}, "36": {"full_name": "Nischal", "student_id": "1234"}, "37": {"full_name": "Nischal", "student_id": "1234"}, "38": {"full_name": "Nischal", "student_id": "1234"}, "39": {"full_name": "Nischal", "student_id": "1234"}, "40": {"full_name": "Nischal", "student_id": "1234"}, "41": {"full_name": "Nischal", "student_id": "1234"}, "42": {"full_name": "Nischal", "student_id": "1234"}, "43": {"full_name": "Nischal", "student_id": "1234"}, "44": {"full_name": "Nischal", "student_id": "1234"}, "45": {"full_name": "Nischal", "student_id": "1234"}, "46": {"full_name": "Nischal", "student_id": "1234"}, "47": {"full_name": "Nischal", "student_id": "1234"}, "48": {"full_name": "Nischal", "student_id": "1234"}, "49": {"full_name": "Nischal", "student_id": "1234"}, "50": {"full_name": "Nischal", "student_id": "1234"}, "51": {"full_name": "Nischal", "student_id": "1234"}, "52": {"full_name": "Nischal", "student_id": "1234"}, "53": {"full_name": "Nischal", "student_id": "1234"}, "54": {"full_name": "Nischal", "student_id": "1234"}, "55": {"full_name": "Nischal", "student_id": "1234"}, "56": {"full_name": "Nischal", "student_id": "1234"}, "57": {"full_name": "Nischal", "student_id": "1234"}, "58": {"full_name": "Nischal", "student_id": "1234"}, "59": {"full_name": "Nischal", "student_id": "1234"}, "60": {"full_name": "Nischal", "student_id": "1234"}, "61": {"full_name": "Nischal", "student_id": "1234"}, "62": {"full_name": "Nischal", "student_id": "1234"}, "63": {"full_name": "Nischal", "student_id": "1234"}, "64": {"full_name": "Nischal", "student_id": "1234"}, "65": {"full_name": "Nischal", "student_id": "1234"}, "66": {"full_name": "Nischal", "student_id": "1234"}, "67": {"full_name": "Nischal", "student_id": "1234"}, "68": {"full_name": "Nischal", "student_id": "1234"}, "69": {"full_name": "Nischal", "student_id": "1234"}, "70": {"full_name": "Nischal", "student_id": "Lal"}, "71": {"full_name": "Nischal", "student_id": "Lal"}, "72": {"full_name": "Nischal", "student_id": "Lal"}, "73": {"full_name": "Nischal", "student_id": "Lal"}, "74": {"full_name": "Nischal", "student_id": "Lal"}, "75": {"full_name": "Nischal", "student_id": "1234"}, "76": {"full_name": "Nischal", "student_id": "1234"}, "77": {"full_name": "Nischal", "student_id": "1234"}, "78": {"full_name": "Nischal", "student_id": "1234"}, "79": {"full_name": "Nischal", "student_id": "1234"}, "80": {"full_name": "Nischal", "student_id": "1234"}, "81": {"full_name": "Nischal", "student_id": "1234"}, "82": {"full_name": "Nischal", "student_id": "1234"}, "83": {"full_name": "Nischal", "student_id": "1234"}, "84": {"full_name": "Nischal", "student_id": "1234"}, "85": {"full_name": "Nischal", "student_id": "1234"}, "86": {"full_name": "Nischal", "student_id": "1234"}, "87": {"full_name": "Nischal", "student_id": "1234"}, "88": {"full_name": "Nischal", "student_id": "1234"}, "89": {"full_name": "Nischal", "student_id": "1234"}, "90": {"full_name": "Nischal", "student_id": "1234"}, "91": {"full_name": "Nischal", "student_id": "1234"}, "92": {"full_name": "Nischal", "student_id": "1234"}, "93": {"full_name": "Nischal", "student_id": "1234"}, "94": {"full_name": "Nischal", "student_id": "1234"}, "95": {"full_name": "Nischal", "student_id": "1234"}, "96": {"full_name": "Nischal", "student_id": "1234"}, "97": {"full_name": "Nischal", "student_id": "1234"}, "98": {"full_name": "Nischal", "student_id": "1234"}, "99": {"full_name": "Nischal", "student_id": "1234"}, "100": {"full_name": "Nischal", "student_id": "1234"}, "101": {"full_name": "Nischal", "student_id": "1234"}, "102": {"full_name": "Nischal", "student_id": "1234"}, "103": {"full_name": "Nischal", "student_id": "1234"}, "104": {"full_name": "Nischal", "student_id": "1234"}, "105": {"full_name": "Nischal", "student_id": "Lal"}, "106": {"full_name": "Nischal", "student_id": "Lal"}, "107": {"full_name": "Nischal", "student_id": "Lal"}, "108": {"full_name": "Nischal", "student_id": "Lal"}, "109": {"full_name": "Nischal", "student_id": "Lal"}, "110": {"full_name": "Nischal", "student_id": "Lal"}, "111": {"full_name": "Nischal", "student_id": "Lal"}, "112": {"full_name": "Nischal", "student_id": "Lal"}, "113": {"full_name": "Nischal", "student_id": "Lal"}, "114": {"full_name": "Nischal", "student_id": "Lal"}, "115": {"full_name": "Nischal", "student_id": "Lal"}, "116": {"full_name": "Nischal", "student_id": "Lal"}, "117": {"full_name": "Nischal", "student_id": "Lal"}, "118": {"full_name": "Nischal", "student_id": "Lal"}, "119": {"full_name": "Nischal", "student_id": "Lal"}, "120": {"full_name": "Nischal", "student_id": "Lal"}, "121": {"full_name": "Nischal", "student_id": "Lal"}, "122": {"full_name": "Nischal", "student_id": "Lal"}, "123": {"full_name": "Nischal", "student_id": "Lal"}, "124": {"full_name": "Nischal", "student_id": "Lal"}, "125": {"full_name": "Nischal", "student_id": "Lal"}, "126": {"full_name": "Nischal", "student_id": "Lal"}, "127": {"full_name": "Nischal", "student_id": "Lal"}, "128": {"full_name": "Nischal", "student_id": "Lal"}, "129": {"full_name": "Nischal", "student_id": "Lal"}, "130": {"full_name": "Nischal", "student_id": "Lal"}, "131": {"full_name": "Nischal", "student_id": "Lal"}, "132": {"full_name": "Nischal", "student_id": "Lal"}, "133": {"full_name": "Nischal", "student_id": "Lal"}, "134": {"full_name": "Nischal", "student_id": "Lal"}, "135": {"full_name": "Nischal", "student_id": "Lal"}, "136": {"full_name": "Nischal", "student_id": "Lal"}, "137": {"full_name": "Nischal", "student_id": "Lal"}, "138": {"full_name": "Nischal", "student_id": "Lal"}, "139": {"full_name": "Nischal", "student_id": "Lal"}, "140": {"full_name": "Nischal", "student_id": "Lal"}, "141": {"full_name": "Nischal", "student_id": "Lal"}, "142": {"full_name": "Nischal", "student_id": "Lal"}, "143": {"full_name": "Nischal", "student_id": "Lal"}, "144": {"full_name": "Nischal", "student_id": "Lal"}, "145": {"full_name": "Nischal", "student_id": "Lal"}, "146": {"full_name": "Nischal", "student_id": "Lal"}, "147": {"full_name": "Nischal", "student_id": "Lal"}, "148": {"full_name": "Nischal", "student_id": "Lal"}, "149": {"full_name": "Nischal", "student_id": "Lal"}, "150": {"full_name": "Nischal", "student_id": "Lal"}, "151": {"full_name": "Nischal", "student_id": "Lal"}, "152": {"full_name": "Nischal", "student_id": "Lal"}, "153": {"full_name": "Nischal", "student_id": "Lal"}, "154": {"full_name": "Nischal", "student_id": "Lal"}, "155": {"full_name": "Nischal", "student_id": "Lal"}, "156": {"full_name": "Nischal", "student_id": "Lal"}, "157": {"full_name": "Nischal", "student_id": "Lal"}, "158": {"full_name": "Nischal", "student_id": "Lal"}, "159": {"full_name": "Nischal", "student_id": "Lal"}, "160": {"full_name": "Nischal", "student_id": "Lal"}, "161": {"full_name": "Nischal", "student_id": "Lal"}, "162": {"full_name": "Nischal", "student_id": "Lal"}, "163": {"full_name": "Nischal", "student_id": "Lal"}, "164": {"full_name": "Nischal", "student_id": "Lal"}, "165": {"full_name": "Nischal", "student_id": "Lal"}, "166": {"full_name": "Nischal", "student_id": "Lal"}, "167": {"full_name": "Nischal", "student_id": "Lal"}, "168": {"full_name": "Nischal", "student_id": "Lal"}, "169": {"full_name": "Nischal", "student_id": "Lal"}, "170": {"full_name": "Nischal", "student_id": "Lal"}, "171": {"full_name": "Nischal", "student_id": "Lal"}, "172": {"full_name": "Nischal", "student_id": "Lal"}, "173": {"full_name": "Nischal", "student_id": "Lal"}, "174": {"full_name": "Nischal", "student_id": "Lal"}, "175": {"full_name": "Nischal", "student_id": "Lal"}, "176": {"full_name": "Nischal", "student_id": "Lal"}, "177": {"full_name": "Nischal", "student_id": "Lal"}, "178": {"full_name": "Nischal", "student_id": "Lal"}, "179": {"full_name": "Nischal", "student_id": "Lal"}, "180": {"full_name": "Nischal", "student_id": "Lal"}, "181": {"full_name": "Nischal", "student_id": "Lal"}, "182": {"full_name": "Nischal", "student_id": "Lal"}, "183": {"full_name": "Nischal", "student_id": "Lal"}, "184": {"full_name": "Nischal", "student_id": "Lal"}, "185": {"full_name": "Nischal", "student_id": "Lal"}, "186": {"full_name": "Nischal", "student_id": "Lal"}, "187": {"full_name": "Nischal", "student_id": "Lal"}, "188": {"full_name": "Nischal", "student_id": "Lal"}, "189": {"full_name": "Nischal", "student_id": "Lal"}, "190": {"full_name": "Nischal", "student_id": "Lal"}, "191": {"full_name": "Nischal", "student_id": "Lal"}, "192": {"full_name": "Nischal", "student_id": "Lal"}, "193": {"full_name": "Nischal", "student_id": "Lal"}, "194": {"full_name": "Nischal", "student_id": "Lal"}, "195": {"full_name": "Nischal", "student_id": "Lal"}, "196": {"full_name": "Nischal", "student_id": "Lal"}, "197": {"full_name": "Nischal", "student_id": "Lal"}, "198": {"full_name": "Nischal", "student_id": "Lal"}, "199": {"full_name": "Nischal", "student_id": "Lal"}}